SHA, Name, Iteration, uuid
8281b3dad2bf3587463ab5ee61aea6bc3501558a972d7231d85ae283533afe2f, 16 apply bandage, 1, 48762557-4a8e-45bf-92ea-1db08dc1c825 Kopie 2.png
8281b3dad2bf3587463ab5ee61aea6bc3501558a972d7231d85ae283533afe2f, 16 apply bandage, 1, 48762557-4a8e-45bf-92ea-1db08dc1c825 Kopie.png
8281b3dad2bf3587463ab5ee61aea6bc3501558a972d7231d85ae283533afe2f, 16 apply bandage, 1, 48762557-4a8e-45bf-92ea-1db08dc1c825.png
cfedde708603f1214e23e3ddfdd8fa45ecf7cab237910670f2b99c6910ea2b79, 16 applying a bandage, 1, 7668e50d-ae2b-41a2-9ad7-580866a27b27 Kopie 2.png
cfedde708603f1214e23e3ddfdd8fa45ecf7cab237910670f2b99c6910ea2b79, 16 applying a bandage, 1, 7668e50d-ae2b-41a2-9ad7-580866a27b27 Kopie.png
cfedde708603f1214e23e3ddfdd8fa45ecf7cab237910670f2b99c6910ea2b79, 16 applying a bandage, 1, 7668e50d-ae2b-41a2-9ad7-580866a27b27.png
7a1e1c7d6d4d0dcc7f45816c5e1240a03d86f9e04a514d2873e6a765644f9fa9, 2sliding down, 1, 62a1f77d-1956-474e-9619-450389f06cf2 Kopie 2.png
7a1e1c7d6d4d0dcc7f45816c5e1240a03d86f9e04a514d2873e6a765644f9fa9, 2sliding down, 1, 62a1f77d-1956-474e-9619-450389f06cf2 Kopie.png
7a1e1c7d6d4d0dcc7f45816c5e1240a03d86f9e04a514d2873e6a765644f9fa9, 2sliding down, 1, 62a1f77d-1956-474e-9619-450389f06cf2.png
f00d35e22085d8d20480cdbdc4307150289a55aab9819c5cb848ae7166d0406a, 2sliding down, 2, 6400483a-cc77-4c0f-a741-116485e8b33b Kopie 2.png
f00d35e22085d8d20480cdbdc4307150289a55aab9819c5cb848ae7166d0406a, 2sliding down, 2, 6400483a-cc77-4c0f-a741-116485e8b33b Kopie.png
f00d35e22085d8d20480cdbdc4307150289a55aab9819c5cb848ae7166d0406a, 2sliding down, 2, 6400483a-cc77-4c0f-a741-116485e8b33b.png
d09647eb7f4cb323d52a0d180977165fb4d7f93b8e89ff7ec7ff820a990244ce, 5jumpingclouds, 1, 81a8cc5b-089f-43c9-bda6-2e0c837540f8 Kopie 2.png
d09647eb7f4cb323d52a0d180977165fb4d7f93b8e89ff7ec7ff820a990244ce, 5jumpingclouds, 1, 81a8cc5b-089f-43c9-bda6-2e0c837540f8 Kopie.png
d09647eb7f4cb323d52a0d180977165fb4d7f93b8e89ff7ec7ff820a990244ce, 5jumpingclouds, 1, 81a8cc5b-089f-43c9-bda6-2e0c837540f8.png
6c8529654437d6a9740d9591c1cc7ca1c54f2fe9e33aec842a0798799716b3bd, 5jumpingclouds, 2, 3c9457b0-881d-4d34-a332-27729acb232a Kopie 2.png
6c8529654437d6a9740d9591c1cc7ca1c54f2fe9e33aec842a0798799716b3bd, 5jumpingclouds, 2, 3c9457b0-881d-4d34-a332-27729acb232a Kopie.png
6c8529654437d6a9740d9591c1cc7ca1c54f2fe9e33aec842a0798799716b3bd, 5jumpingclouds, 2, 3c9457b0-881d-4d34-a332-27729acb232a.png
6c8529654437d6a9740d9591c1cc7ca1c54f2fe9e33aec842a0798799716b3bd, 5jumpingclouds, 3, fe9d7aa5-ac5d-4812-b941-9eb8ff7f8b1e Kopie 2.png
6c8529654437d6a9740d9591c1cc7ca1c54f2fe9e33aec842a0798799716b3bd, 5jumpingclouds, 3, fe9d7aa5-ac5d-4812-b941-9eb8ff7f8b1e Kopie.png
6c8529654437d6a9740d9591c1cc7ca1c54f2fe9e33aec842a0798799716b3bd, 5jumpingclouds, 3, fe9d7aa5-ac5d-4812-b941-9eb8ff7f8b1e.png
dfd4310f9c652c78d413731df2643a8196ec0bfa01fed23fc5a60d2d7565146a, drinking, 1, f24aaad6-2f6a-4e1c-a59b-35716a915e6e Kopie 2.png
dfd4310f9c652c78d413731df2643a8196ec0bfa01fed23fc5a60d2d7565146a, drinking, 1, f24aaad6-2f6a-4e1c-a59b-35716a915e6e Kopie.png
dfd4310f9c652c78d413731df2643a8196ec0bfa01fed23fc5a60d2d7565146a, drinking, 1, f24aaad6-2f6a-4e1c-a59b-35716a915e6e.png
11d439ea81311e25628dbcdeced0ff6432deaeab58d74659198552867068697f, drinking, 2, 481b5cea-62ab-47b8-a7c5-c31dc4b0f3d1 Kopie 2.png
11d439ea81311e25628dbcdeced0ff6432deaeab58d74659198552867068697f, drinking, 2, 481b5cea-62ab-47b8-a7c5-c31dc4b0f3d1 Kopie.png
11d439ea81311e25628dbcdeced0ff6432deaeab58d74659198552867068697f, drinking, 2, 481b5cea-62ab-47b8-a7c5-c31dc4b0f3d1.png
60f4ac7428b281113e47a2b6224f350c69ecf45722f867c3a0f84fe59ec54b88, electric_shock_in_the_forearm, 2, 5c5ec24c-76d9-4c19-81d7-af07c8982cce Kopie 2.png
60f4ac7428b281113e47a2b6224f350c69ecf45722f867c3a0f84fe59ec54b88, electric_shock_in_the_forearm, 2, 5c5ec24c-76d9-4c19-81d7-af07c8982cce Kopie.png
60f4ac7428b281113e47a2b6224f350c69ecf45722f867c3a0f84fe59ec54b88, electric_shock_in_the_forearm, 2, 5c5ec24c-76d9-4c19-81d7-af07c8982cce.png
6984a149108d219b81f02c5c05eef2128f6a6ffaef9d3500351639aa43cde6a2, flying_in_the_sky_v1, 1, 6177c95c-1edb-47d6-bda9-aee13c516e2a Kopie 2.png
6984a149108d219b81f02c5c05eef2128f6a6ffaef9d3500351639aa43cde6a2, flying_in_the_sky_v1, 1, 6177c95c-1edb-47d6-bda9-aee13c516e2a Kopie.png
6984a149108d219b81f02c5c05eef2128f6a6ffaef9d3500351639aa43cde6a2, flying_in_the_sky_v1, 1, 6177c95c-1edb-47d6-bda9-aee13c516e2a.png
6984a149108d219b81f02c5c05eef2128f6a6ffaef9d3500351639aa43cde6a2, flying_in_the_sky_v1, 2, 8957c4c5-0e50-43f7-b43e-2cf5f43e3479 Kopie 2.png
6984a149108d219b81f02c5c05eef2128f6a6ffaef9d3500351639aa43cde6a2, flying_in_the_sky_v1, 2, 8957c4c5-0e50-43f7-b43e-2cf5f43e3479 Kopie.png
6984a149108d219b81f02c5c05eef2128f6a6ffaef9d3500351639aa43cde6a2, flying_in_the_sky_v1, 2, 8957c4c5-0e50-43f7-b43e-2cf5f43e3479.png
8707ef4e0aeb01340fe354b9257fc4a1f3a272507cf52decf2924c35cbee5763, flying_in_the_sky_v2, 1, 26174be5-7152-4ebe-8953-7e5f23a5f8c2 Kopie 2.png
8707ef4e0aeb01340fe354b9257fc4a1f3a272507cf52decf2924c35cbee5763, flying_in_the_sky_v2, 1, 26174be5-7152-4ebe-8953-7e5f23a5f8c2 Kopie.png
8707ef4e0aeb01340fe354b9257fc4a1f3a272507cf52decf2924c35cbee5763, flying_in_the_sky_v2, 1, 26174be5-7152-4ebe-8953-7e5f23a5f8c2.png
74241939d2435beac34bc3fc8665c31aa98e652b7d9335aa755a07f2c4185aaa, petting a dog, 2, da8d9acf-ac6a-4983-b6c8-3553eb65e072 Kopie.png
74241939d2435beac34bc3fc8665c31aa98e652b7d9335aa755a07f2c4185aaa, petting a dog, 2, da8d9acf-ac6a-4983-b6c8-3553eb65e072.png
8281b3dad2bf3587463ab5ee61aea6bc3501558a972d7231d85ae283533afe2f, t2_apply_bandage, 1, bd2a3df3-d033-45ca-8f5f-539206e643df Kopie.png
8281b3dad2bf3587463ab5ee61aea6bc3501558a972d7231d85ae283533afe2f, t2_apply_bandage, 1, bd2a3df3-d033-45ca-8f5f-539206e643df.png
6c8529654437d6a9740d9591c1cc7ca1c54f2fe9e33aec842a0798799716b3bd, t2_jump_clouds, 1, 80ff28ee-32a8-4998-b322-6711df28aa90 Kopie.png
6c8529654437d6a9740d9591c1cc7ca1c54f2fe9e33aec842a0798799716b3bd, t2_jump_clouds, 1, 80ff28ee-32a8-4998-b322-6711df28aa90.png
f00d35e22085d8d20480cdbdc4307150289a55aab9819c5cb848ae7166d0406a, t2_sliding_down, 1, 60784378-cb3c-4257-9135-24848720716a Kopie.png
f00d35e22085d8d20480cdbdc4307150289a55aab9819c5cb848ae7166d0406a, t2_sliding_down, 1, 60784378-cb3c-4257-9135-24848720716a.png
3b2cfe2c70fc43c486f7199297d87a422ce2558513fac0d0e57623fa1c2c6630, t2_t3_petting_a_dog, 1, 3e3d8966-ca88-4e75-a98f-305f04316180.png
a0a2df0e58c03bf04a0bfa9fba1f153fb4c1b95aa9f840ed9308617789a7124a, t2_t3_petting_dog_v1, 1, b93ab479-77f1-47e2-ad9b-34f9838e6237 Kopie.png
a0a2df0e58c03bf04a0bfa9fba1f153fb4c1b95aa9f840ed9308617789a7124a, t2_t3_petting_dog_v1, 1, b93ab479-77f1-47e2-ad9b-34f9838e6237.png
8da85a9ed54d30dfb50cf184893bce8b29659f0cc8bc5b96897b295ecdb25d76, t3_climbing_beast, 1, 28e9c690-8034-4d6a-a291-f1eda9b889d8.png
6b4453d7a9ba342aec3814937138b52f4eb35e65c551e139fe1a37806a77c2dd, t3_landing_spaceship, 1, 8e31ab01-b3ea-40a9-a3dc-e3ab9eccf625.png
ecabde072abc56f04bd3e01b257f1dc59ec61c55faefeefdd7e7d23a17078ee5, t3_petting_a_dog, 1, aff3073a-a1f4-4f55-971a-c679acf39b31.png
bd45efc01030e4eea0a0c29c7aa456e2083f354bb76f04c788dc7d51246d1093, t3_time_running_out, 1, b258c82c-c12f-43cf-8111-337f151d01fe.png
6d1aaac58f51bfa0b38ca3336ee85cccd206611d606c49466e2b453530aec3bd, team_2-p_2, 1, b63b21e3-6f9f-418d-8b01-9303aeb98c81 Kopie 2.png
6d1aaac58f51bfa0b38ca3336ee85cccd206611d606c49466e2b453530aec3bd, team_2-p_2, 1, b63b21e3-6f9f-418d-8b01-9303aeb98c81 Kopie.png
6d1aaac58f51bfa0b38ca3336ee85cccd206611d606c49466e2b453530aec3bd, team_2-p_2, 1, b63b21e3-6f9f-418d-8b01-9303aeb98c81.png
41f99746d2cbe5ffee00b00c46600910dae8908c7cf4bdbe01fc2a00b1938f4a, team_2-p_2, 2, ce169472-07ad-463f-ab1a-df0a26d3962b Kopie 2.png
41f99746d2cbe5ffee00b00c46600910dae8908c7cf4bdbe01fc2a00b1938f4a, team_2-p_2, 2, ce169472-07ad-463f-ab1a-df0a26d3962b Kopie.png
41f99746d2cbe5ffee00b00c46600910dae8908c7cf4bdbe01fc2a00b1938f4a, team_2-p_2, 2, ce169472-07ad-463f-ab1a-df0a26d3962b.png
3f8473207251ca18802650822b1a8e95e58443cd291bcebe13fcb2e7b3be7789, team_2-p_2, 3, 2cb8f9ff-8454-485d-9129-fd71ca329275 Kopie 2.png
3f8473207251ca18802650822b1a8e95e58443cd291bcebe13fcb2e7b3be7789, team_2-p_2, 3, 2cb8f9ff-8454-485d-9129-fd71ca329275 Kopie.png
3f8473207251ca18802650822b1a8e95e58443cd291bcebe13fcb2e7b3be7789, team_2-p_2, 3, 2cb8f9ff-8454-485d-9129-fd71ca329275.png
7f00a057e540b912ca77d6de2112314cdf7e2ed4269a3a4e83c1389ed1552c50, team_2-p_2, 4, 27709cbe-d00c-4307-9c24-134655ab8a23 Kopie 2.png
7f00a057e540b912ca77d6de2112314cdf7e2ed4269a3a4e83c1389ed1552c50, team_2-p_2, 4, 27709cbe-d00c-4307-9c24-134655ab8a23 Kopie.png
7f00a057e540b912ca77d6de2112314cdf7e2ed4269a3a4e83c1389ed1552c50, team_2-p_2, 4, 27709cbe-d00c-4307-9c24-134655ab8a23.png
41f99746d2cbe5ffee00b00c46600910dae8908c7cf4bdbe01fc2a00b1938f4a, team_2-p_2, 5, 7cff7b0a-3907-4790-80a8-84dfcb8a5a79 Kopie.png
41f99746d2cbe5ffee00b00c46600910dae8908c7cf4bdbe01fc2a00b1938f4a, team_2-p_2, 5, 7cff7b0a-3907-4790-80a8-84dfcb8a5a79.png
29fee229056995921e0a91bed85fb848fe97e0325e0df51c5990c79b7baf37a8, team_2, 1, b56d9e6b-db9a-4a7e-bacf-7fda8d3d89b3 Kopie 2.png
29fee229056995921e0a91bed85fb848fe97e0325e0df51c5990c79b7baf37a8, team_2, 1, b56d9e6b-db9a-4a7e-bacf-7fda8d3d89b3 Kopie.png
29fee229056995921e0a91bed85fb848fe97e0325e0df51c5990c79b7baf37a8, team_2, 1, b56d9e6b-db9a-4a7e-bacf-7fda8d3d89b3.png
373abc57ecf4b81e5c07c3239a474dea3fa75e02a29f46b6bf0562d5724add10, team_2, 2, c811be2f-d41e-4019-b793-d511a61797ae Kopie 2.png
373abc57ecf4b81e5c07c3239a474dea3fa75e02a29f46b6bf0562d5724add10, team_2, 2, c811be2f-d41e-4019-b793-d511a61797ae Kopie.png
373abc57ecf4b81e5c07c3239a474dea3fa75e02a29f46b6bf0562d5724add10, team_2, 2, c811be2f-d41e-4019-b793-d511a61797ae.png
